"","name","key","decimalLatitude","decimalLongitude","issues","tmean1","tmean2","tmean3","tmean4","tmean5","tmean6","tmean7","tmean8","tmean9","tmean10","tmean11","tmean12"
"1","Cupania schizoneura",1424422019,-22.846667,-44.865,"cdround,gass84",198,198,192,174,152,138,132,144,161,172,179,189
"2","Cupania schizoneura",1424118575,-22.460833,-43.013333,"cdround,gass84",199,199,188,168,150,142,138,148,161,169,176,182
"3","Cupania schizoneura",1424242401,-22.532222,-42.346111,"cdround,gass84",258,259,253,236,218,206,203,208,217,227,237,245
"4","Cupania schizoneura",1228531321,-10.8339,-52.8731,"gass84",253,256,257,258,251,239,243,253,260,262,259,258
