"","name","key","decimalLatitude","decimalLongitude","issues","tmean1","tmean2","tmean3","tmean4","tmean5","tmean6","tmean7","tmean8","tmean9","tmean10","tmean11","tmean12"
"1","Eugenia macahensis",1424476023,-22.419722,-42.609444,"cdround,gass84,rdatm",232,231,218,197,178,170,171,180,192,203,212,211
"3","Eugenia macahensis",1424169070,-22.406944,-42.418611,"cdround,gass84",206,204,190,167,150,144,147,157,170,180,188,182
"4","Eugenia macahensis",1928917314,-22.6546564621181,-42.3918119950037,"cdrep",258,260,254,237,220,208,204,209,216,227,237,246
"5","Eugenia macahensis",1424176741,-22.5,-42.25,"gass84",258,259,254,238,220,208,205,209,217,227,237,246
"6","Eugenia macahensis",1424068886,-22.583333,-43.033333,"cdround,gass84",259,260,252,234,213,199,195,202,212,222,235,246
"7","Eugenia macahensis",1928428703,-10.779865,-65.346537,"cdround",263,266,270,268,261,261,261,261,278,284,264,263
"8","Eugenia macahensis",1228545352,-10.8339,-52.8731,"gass84",253,256,257,258,251,239,243,253,260,262,259,258
"9","Eugenia macahensis",1144678921,-10.77306,-53.08972,"gass84,rdativ",254,257,260,261,253,241,245,256,262,264,262,259
